"Name","SpecialAbility","StatType","NextLevelShownStatTypes","BuildTimeD","BuildTimeH","BuildTimeM","BuildTimeS","BuildResource","BuildCost","TID","HintPriority","TownHallLevel"
"String","String","String","String","int","int","int","int","String","int","String","int","String"
"HookTowerHPModule","HookTowerHPAbility","HitPoints",,0,0,0,0,"Elixir",0,"TID_SEAONAL_DEFENSE_HOOK_TOWER_MODULE_HP",50,"MAX"
,,,,1,0,0,0,,4000000,,,"MAX"
,,,,1,6,0,0,,5000000,,,"MAX"
,,,,1,12,0,0,,6000000,,,"MAX"
,,,,1,18,0,0,,7000000,,,"MAX"
,,,,2,0,0,0,,8000000,,,"MAX"
,,,,2,6,0,0,,9000000,,,"MAX"
,,,,2,12,0,0,,10000000,,,"MAX"
,,,,2,18,0,0,,11000000,,,"MAX"
,,,,3,0,0,0,,12000000,,,"MAX"
"HookTowerAttackModule","HookTowerAttackAbility","AttackSpeed","AttackSpeed;DamagePerSecond",0,0,0,0,"Gold",0,"TID_SEAONAL_DEFENSE_HOOK_TOWER_MODULE_ATTACK",50,"MAX"
,,,,0,12,0,0,,5000000,,,"MAX"
,,,,0,16,0,0,,6500000,,,"MAX"
,,,,0,20,0,0,,8000000,,,"MAX"
,,,,1,0,0,0,,9500000,,,"MAX"
,,,,1,6,0,0,,10000000,,,"MAX"
,,,,1,12,0,0,,10500000,,,"MAX"
,,,,2,0,0,0,,11000000,,,"MAX"
,,,,2,12,0,0,,11500000,,,"MAX"
,,,,3,0,0,0,,12000000,,,"MAX"
"HookTowerEffectModule","HookTowerEffectAbility","StunTime",,0,0,0,0,"DarkElixir",0,"TID_SEAONAL_DEFENSE_HOOK_TOWER_MODULE_EFFECT",50,"MAX"
,,,,1,12,0,0,,25000,,,"MAX"
,,,,2,0,0,0,,30000,,,"MAX"
,,,,2,12,0,0,,35000,,,"MAX"
,,,,2,14,0,0,,40000,,,"MAX"
,,,,2,16,0,0,,55000,,,"MAX"
,,,,2,18,0,0,,70000,,,"MAX"
,,,,2,20,0,0,,85000,,,"MAX"
,,,,2,22,0,0,,100000,,,"MAX"
,,,,3,0,0,0,,115000,,,"MAX"
"LazyLaserHPModule","LazyLaserHPAbility","HitPoints",,0,0,0,0,"Elixir",0,"TID_SEAONAL_DEFENSE_LAZY_LASER_MODULE_HP",50,1
,,,,1,0,0,0,,4000000,,,1
,,,,1,6,0,0,,5000000,,,1
,,,,1,12,0,0,,6000000,,,1
,,,,1,18,0,0,,7000000,,,1
,,,,2,0,0,0,,8000000,,,1
,,,,2,6,0,0,,9000000,,,1
,,,,2,12,0,0,,10000000,,,1
,,,,2,18,0,0,,11000000,,,1
,,,,3,0,0,0,,12000000,,,1
"LazyLaserAttackModule","LazyLaserAttackAbility","DamagePerSecond",,0,0,0,0,"Gold",0,"TID_SEAONAL_DEFENSE_LAZY_LASER_MODULE_ATTACK",50,1
,,,,0,12,0,0,,5000000,,,1
,,,,0,16,0,0,,6500000,,,1
,,,,0,20,0,0,,8000000,,,1
,,,,1,0,0,0,,9500000,,,1
,,,,1,6,0,0,,10000000,,,1
,,,,1,12,0,0,,10500000,,,1
,,,,2,0,0,0,,11000000,,,1
,,,,2,12,0,0,,11500000,,,1
,,,,3,0,0,0,,12000000,,,1
"LazyLaserEffectModule","LazyLaserEffectAbility","AttackRange",,0,0,0,0,"DarkElixir",0,"TID_SEAONAL_DEFENSE_LAZY_LASER_MODULE_EFFECT",50,1
,,,,1,12,0,0,,25000,,,1
,,,,2,0,0,0,,30000,,,1
,,,,2,12,0,0,,35000,,,1
,,,,2,14,0,0,,40000,,,1
,,,,2,16,0,0,,55000,,,1
,,,,2,18,0,0,,70000,,,1
,,,,2,20,0,0,,85000,,,1
,,,,2,22,0,0,,100000,,,1
,,,,3,0,0,0,,115000,,,1
"LogLobberHPModule","LogLobberHPAbility","HitPoints",,0,0,0,0,"Gold",0,"TID_SEAONAL_DEFENSE_LOG_LOBBER_MODULE_HP",50,"MAX"
,,,,1,12,0,0,,3000000,,,"MAX"
,,,,2,0,0,0,,3500000,,,"MAX"
,,,,2,12,0,0,,4000000,,,"MAX"
,,,,2,14,0,0,,4500000,,,"MAX"
,,,,2,16,0,0,,6000000,,,"MAX"
,,,,2,18,0,0,,7500000,,,"MAX"
,,,,2,20,0,0,,9000000,,,"MAX"
,,,,2,22,0,0,,10500000,,,"MAX"
,,,,3,0,0,0,,12000000,,,"MAX"
"LogLobberAttackModule","LogLobberAttackAbility","DamagePerHit","DamagePerHit;DamagePerSecond",0,0,0,0,"DarkElixir",0,"TID_SEAONAL_DEFENSE_LOG_LOBBER_MODULE_ATTACK",50,"MAX"
,,,,1,0,0,0,,35000,,,"MAX"
,,,,1,6,0,0,,45000,,,"MAX"
,,,,1,12,0,0,,55000,,,"MAX"
,,,,1,18,0,0,,65000,,,"MAX"
,,,,2,0,0,0,,75000,,,"MAX"
,,,,2,6,0,0,,85000,,,"MAX"
,,,,2,12,0,0,,95000,,,"MAX"
,,,,2,18,0,0,,105000,,,"MAX"
,,,,3,0,0,0,,115000,,,"MAX"
"LogLobberEffectModule","LogLobberEffectAbility","AttackRange",,0,0,0,0,"Elixir",0,"TID_SEAONAL_DEFENSE_LOG_LOBBER_MODULE_EFFECT",50,"MAX"
,,,,0,12,0,0,,5000000,,,"MAX"
,,,,0,16,0,0,,6500000,,,"MAX"
,,,,0,20,0,0,,8000000,,,"MAX"
,,,,1,0,0,0,,9500000,,,"MAX"
,,,,1,6,0,0,,10000000,,,"MAX"
,,,,1,12,0,0,,10500000,,,"MAX"
,,,,2,0,0,0,,11000000,,,"MAX"
,,,,2,12,0,0,,11500000,,,"MAX"
,,,,3,0,0,0,,12000000,,,"MAX"
"FlameSpinnerHPModule","FlameSpinnerHPAbility","HitPoints",,0,0,0,0,"Gold",0,"TID_SEAONAL_DEFENSE_FLAME_SPINNER_MODULE_HP",50,"MAX"
,,,,1,12,0,0,,3000000,,,"MAX"
,,,,2,0,0,0,,3500000,,,"MAX"
,,,,2,12,0,0,,4000000,,,"MAX"
,,,,2,14,0,0,,4500000,,,"MAX"
,,,,2,16,0,0,,6000000,,,"MAX"
,,,,2,18,0,0,,7500000,,,"MAX"
,,,,2,20,0,0,,9000000,,,"MAX"
,,,,2,22,0,0,,10500000,,,"MAX"
,,,,3,0,0,0,,12000000,,,"MAX"
"FlameSpinnerAttackModule","FlameSpinnerAttackAbility","DamagePerHit","DamagePerHit;DamagePerSecond",0,0,0,0,"DarkElixir",0,"TID_SEAONAL_DEFENSE_FLAME_SPINNER_MODULE_ATTACK",50,"MAX"
,,,,1,0,0,0,,35000,,,"MAX"
,,,,1,6,0,0,,45000,,,"MAX"
,,,,1,12,0,0,,55000,,,"MAX"
,,,,1,18,0,0,,65000,,,"MAX"
,,,,2,0,0,0,,75000,,,"MAX"
,,,,2,6,0,0,,85000,,,"MAX"
,,,,2,12,0,0,,95000,,,"MAX"
,,,,2,18,0,0,,105000,,,"MAX"
,,,,3,0,0,0,,115000,,,"MAX"
"FlameSpinnerEffectModule","FlameSpinnerEffectAbility","BurstCount","BurstCount;DamagePerSecond",0,0,0,0,"Elixir",0,"TID_SEAONAL_DEFENSE_FLAME_SPINNER_MODULE_EFFECT",50,"MAX"
,,,,0,12,0,0,,5000000,,,"MAX"
,,,,0,16,0,0,,6500000,,,"MAX"
,,,,0,20,0,0,,8000000,,,"MAX"
,,,,1,0,0,0,,9500000,,,"MAX"
,,,,1,6,0,0,,10000000,,,"MAX"
,,,,1,12,0,0,,10500000,,,"MAX"
,,,,2,0,0,0,,11000000,,,"MAX"
,,,,2,12,0,0,,11500000,,,"MAX"
,,,,3,0,0,0,,12000000,,,"MAX"
"CrusherMortarHPModule","CrusherMortarHPAbility","HitPoints",,0,0,0,0,"DarkElixir",0,"TID_SEAONAL_DEFENSE_CRUSHER_MORTAR_MODULE_HP",50,"MAX"
,,,,0,12,0,0,,45000,,,"MAX"
,,,,0,16,0,0,,60000,,,"MAX"
,,,,0,20,0,0,,75000,,,"MAX"
,,,,1,0,0,0,,90000,,,"MAX"
,,,,1,6,0,0,,95000,,,"MAX"
,,,,1,12,0,0,,100000,,,"MAX"
,,,,2,0,0,0,,105000,,,"MAX"
,,,,2,12,0,0,,110000,,,"MAX"
,,,,3,0,0,0,,115000,,,"MAX"
"CrusherMortarAttackModule","CrusherMortarAttackAbility","DamagePerSecond",,0,0,0,0,"Elixir",0,"TID_SEAONAL_DEFENSE_CRUSHER_MORTAR_MODULE_ATTACK",50,"MAX"
,,,,1,12,0,0,,3000000,,,"MAX"
,,,,2,0,0,0,,3500000,,,"MAX"
,,,,2,12,0,0,,4000000,,,"MAX"
,,,,2,14,0,0,,4500000,,,"MAX"
,,,,2,16,0,0,,6000000,,,"MAX"
,,,,2,18,0,0,,7500000,,,"MAX"
,,,,2,20,0,0,,9000000,,,"MAX"
,,,,2,22,0,0,,10500000,,,"MAX"
,,,,3,0,0,0,,12000000,,,"MAX"
"CrusherMortarEffectModule","CrusherMortarEffectAbility","DamageRadius",,0,0,0,0,"Gold",0,"TID_SEAONAL_DEFENSE_CRUSHER_MORTAR_MODULE_EFFECT",50,"MAX"
,,,,1,0,0,0,,4000000,,,"MAX"
,,,,1,6,0,0,,5000000,,,"MAX"
,,,,1,12,0,0,,6000000,,,"MAX"
,,,,1,18,0,0,,7000000,,,"MAX"
,,,,2,0,0,0,,8000000,,,"MAX"
,,,,2,6,0,0,,9000000,,,"MAX"
,,,,2,12,0,0,,10000000,,,"MAX"
,,,,2,18,0,0,,11000000,,,"MAX"
,,,,3,0,0,0,,12000000,,,"MAX"
"SunBeamHPModule","SunBeamHPAbility","HitPoints",,0,0,0,0,"DarkElixir",0,"TID_SEAONAL_DEFENSE_SUN_BEAM_MODULE_HP",50,"MAX"
,,,,0,12,0,0,,45000,,,"MAX"
,,,,0,16,0,0,,60000,,,"MAX"
,,,,0,20,0,0,,75000,,,"MAX"
,,,,1,0,0,0,,90000,,,"MAX"
,,,,1,6,0,0,,95000,,,"MAX"
,,,,1,12,0,0,,100000,,,"MAX"
,,,,2,0,0,0,,105000,,,"MAX"
,,,,2,12,0,0,,110000,,,"MAX"
,,,,3,0,0,0,,115000,,,"MAX"
"SunBeamAttackModule","SunBeamAttackAbility","DamagePerHit","DamagePerHit;DamagePerSecond",0,0,0,0,"Elixir",0,"TID_SEAONAL_DEFENSE_SUN_BEAM_MODULE_ATTACK",50,"MAX"
,,,,1,12,0,0,,3000000,,,"MAX"
,,,,2,0,0,0,,3500000,,,"MAX"
,,,,2,12,0,0,,4000000,,,"MAX"
,,,,2,14,0,0,,4500000,,,"MAX"
,,,,2,16,0,0,,6000000,,,"MAX"
,,,,2,18,0,0,,7500000,,,"MAX"
,,,,2,20,0,0,,9000000,,,"MAX"
,,,,2,22,0,0,,10500000,,,"MAX"
,,,,3,0,0,0,,12000000,,,"MAX"
"SunBeamEffectModule","SunBeamEffectAbility","AttackSpeed","AttackSpeed;DamagePerSecond",0,0,0,0,"Gold",0,"TID_SEAONAL_DEFENSE_SUN_BEAM_MODULE_EFFECT",50,"MAX"
,,,,1,0,0,0,,4000000,,,"MAX"
,,,,1,6,0,0,,5000000,,,"MAX"
,,,,1,12,0,0,,6000000,,,"MAX"
,,,,1,18,0,0,,7000000,,,"MAX"
,,,,2,0,0,0,,8000000,,,"MAX"
,,,,2,6,0,0,,9000000,,,"MAX"
,,,,2,12,0,0,,10000000,,,"MAX"
,,,,2,18,0,0,,11000000,,,"MAX"
,,,,3,0,0,0,,12000000,,,"MAX"
"SlowdownTowerHPModule","SlowdownTowerHPAbility","HitPoints",,0,0,0,0,"Elixir",0,"TID_SEASONAL_DEFENSE_SLOWDOWN_TOWER_MODULE_HP",50,1
,,,,1,0,0,0,,4000000,,,1
,,,,1,6,0,0,,5000000,,,1
,,,,1,12,0,0,,6000000,,,1
,,,,1,18,0,0,,7000000,,,1
,,,,2,0,0,0,,8000000,,,1
,,,,2,6,0,0,,9000000,,,1
,,,,2,12,0,0,,10000000,,,1
,,,,2,18,0,0,,11000000,,,1
,,,,3,0,0,0,,12000000,,,1
"SlowdownTowerAttackModule","SlowdownTowerAttackAbility","AttackSpeed",,0,0,0,0,"Gold",0,"TID_SEASONAL_DEFENSE_SLOWDOWN_TOWER_MODULE_ATTACK",50,1
,,,,0,12,0,0,,5000000,,,1
,,,,0,16,0,0,,6500000,,,1
,,,,0,20,0,0,,8000000,,,1
,,,,1,0,0,0,,9500000,,,1
,,,,1,6,0,0,,10000000,,,1
,,,,1,12,0,0,,10500000,,,1
,,,,2,0,0,0,,11000000,,,1
,,,,2,12,0,0,,11500000,,,1
,,,,3,0,0,0,,12000000,,,1
"SlowdownTowerEffectModule","SlowdownTowerEffectAbility","AttackRange",,0,0,0,0,"DarkElixir",0,"TID_SEASONAL_DEFENSE_SLOWDOWN_TOWER_MODULE_EFFECT",50,1
,,,,1,12,0,0,,25000,,,1
,,,,2,0,0,0,,30000,,,1
,,,,2,12,0,0,,35000,,,1
,,,,2,14,0,0,,40000,,,1
,,,,2,16,0,0,,55000,,,1
,,,,2,18,0,0,,70000,,,1
,,,,2,20,0,0,,85000,,,1
,,,,2,22,0,0,,100000,,,1
,,,,3,0,0,0,,115000,,,1
"HeroBoosterHPModule","HeroBoosterHPAbility","HitPoints",,0,0,0,0,"Elixir",0,"TID_SEASONAL_DEFENSE_HERO_BOOSTER_MODULE_HP",50,"MAX"
,,,,1,0,0,0,,4000000,,,"MAX"
,,,,1,6,0,0,,5000000,,,"MAX"
,,,,1,12,0,0,,6000000,,,"MAX"
,,,,1,18,0,0,,7000000,,,"MAX"
,,,,2,0,0,0,,8000000,,,"MAX"
,,,,2,6,0,0,,9000000,,,"MAX"
,,,,2,12,0,0,,10000000,,,"MAX"
,,,,2,18,0,0,,11000000,,,"MAX"
,,,,3,0,0,0,,12000000,,,"MAX"
"HeroBoosterAttackModule","HeroBoosterAttackAbility","AuraDefendingHeroDamage",,0,0,0,0,"Gold",0,"TID_SEASONAL_DEFENSE_HERO_BOOSTER_MODULE_ATTACK",50,"MAX"
,,,,0,12,0,0,,5000000,,,"MAX"
,,,,0,16,0,0,,6500000,,,"MAX"
,,,,0,20,0,0,,8000000,,,"MAX"
,,,,1,0,0,0,,9500000,,,"MAX"
,,,,1,6,0,0,,10000000,,,"MAX"
,,,,1,12,0,0,,10500000,,,"MAX"
,,,,2,0,0,0,,11000000,,,"MAX"
,,,,2,12,0,0,,11500000,,,"MAX"
,,,,3,0,0,0,,12000000,,,"MAX"
"HeroBoosterEffectModule","HeroBoosterEffectAbility","AuraDefendingHeroHealth",,0,0,0,0,"DarkElixir",0,"TID_SEASONAL_DEFENSE_HERO_BOOSTER_MODULE_EFFECT",50,"MAX"
,,,,1,12,0,0,,25000,,,"MAX"
,,,,2,0,0,0,,30000,,,"MAX"
,,,,2,12,0,0,,35000,,,"MAX"
,,,,2,14,0,0,,40000,,,"MAX"
,,,,2,16,0,0,,55000,,,"MAX"
,,,,2,18,0,0,,70000,,,"MAX"
,,,,2,20,0,0,,85000,,,"MAX"
,,,,2,22,0,0,,100000,,,"MAX"
,,,,3,0,0,0,,115000,,,"MAX"
"RoasterHPModule","RoasterHPAbility","HitPoints",,0,0,0,0,"Elixir",0,"TID_SEASONAL_DEFENSE_ROASTER_MODULE_HP",50,"MAX"
,,,,0,6,0,0,,3500000,,,"MAX"
,,,,0,8,0,0,,4500000,,,"MAX"
,,,,0,10,0,0,,5500000,,,"MAX"
,,,,0,12,0,0,,6500000,,,"MAX"
,,,,0,14,0,0,,7500000,,,"MAX"
,,,,0,26,0,0,,8500000,,,"MAX"
,,,,0,52,0,0,,10000000,,,"MAX"
,,,,0,102,0,0,,11500000,,,"MAX"
,,,,0,204,0,0,,13000000,,,"MAX"
"RoasterAttackModule","RoasterAttackAbility","DamagePerHit","DamagePerHit;DamagePerSecond",0,0,0,0,"Gold",0,"TID_SEASONAL_DEFENSE_ROASTER_MODULE_ATTACK",50,"MAX"
,,,,0,8,0,0,,4000000,,,"MAX"
,,,,0,10,0,0,,5000000,,,"MAX"
,,,,0,11,0,0,,6000000,,,"MAX"
,,,,0,13,0,0,,7500000,,,"MAX"
,,,,0,15,0,0,,9000000,,,"MAX"
,,,,0,27,0,0,,10500000,,,"MAX"
,,,,0,54,0,0,,12000000,,,"MAX"
,,,,0,108,0,0,,13500000,,,"MAX"
,,,,0,216,0,0,,15000000,,,"MAX"
"RoasterEffectModule","RoasterEffectAbility","BurstCount","BurstCount;DamagePerSecond",0,0,0,0,"DarkElixir",0,"TID_SEASONAL_DEFENSE_ROASTER_MODULE_EFFECT",50,"MAX"
,,,,0,4,0,0,,30000,,,"MAX"
,,,,0,6,0,0,,40000,,,"MAX"
,,,,0,8,0,0,,50000,,,"MAX"
,,,,0,10,0,0,,60000,,,"MAX"
,,,,0,12,0,0,,70000,,,"MAX"
,,,,0,24,0,0,,80000,,,"MAX"
,,,,0,48,0,0,,90000,,,"MAX"
,,,,0,96,0,0,,100000,,,"MAX"
,,,,0,192,0,0,,110000,,,"MAX"
"AirBombsHPModule","AirBombsHPAbility","HitPoints",,0,0,0,0,"DarkElixir",0,"TID_SEASONAL_DEFENSE_AIR_BOMBS_MODULE_HP",50,"MAX"
,,,,0,8,0,0,,40000,,,"MAX"
,,,,0,10,0,0,,50000,,,"MAX"
,,,,0,11,0,0,,60000,,,"MAX"
,,,,0,13,0,0,,70000,,,"MAX"
,,,,0,15,0,0,,80000,,,"MAX"
,,,,0,27,0,0,,90000,,,"MAX"
,,,,0,54,0,0,,100000,,,"MAX"
,,,,0,108,0,0,,110000,,,"MAX"
,,,,0,216,0,0,,120000,,,"MAX"
"AirBombsAttackModule","AirBombsAttackAbility","DamagePerHit","DamagePerSecond;DamagePerHit",0,0,0,0,"Elixir",0,"TID_SEASONAL_DEFENSE_AIR_BOMBS_MODULE_ATTACK",50,"MAX"
,,,,0,4,0,0,,3000000,,,"MAX"
,,,,0,6,0,0,,4000000,,,"MAX"
,,,,0,8,0,0,,5000000,,,"MAX"
,,,,0,10,0,0,,6000000,,,"MAX"
,,,,0,12,0,0,,7000000,,,"MAX"
,,,,0,24,0,0,,8000000,,,"MAX"
,,,,0,48,0,0,,9000000,,,"MAX"
,,,,0,96,0,0,,10000000,,,"MAX"
,,,,0,192,0,0,,11000000,,,"MAX"
"AirBombsEffectModule","AirBombsEffectAbility","AttackSpeed","AttackSpeed;DamagePerSecond",0,0,0,0,"Gold",0,"TID_SEASONAL_DEFENSE_AIR_BOMBS_MODULE_EFFECT",50,"MAX"
,,,,0,6,0,0,,3500000,,,"MAX"
,,,,0,8,0,0,,4500000,,,"MAX"
,,,,0,10,0,0,,5500000,,,"MAX"
,,,,0,12,0,0,,6500000,,,"MAX"
,,,,0,14,0,0,,7500000,,,"MAX"
,,,,0,26,0,0,,8500000,,,"MAX"
,,,,0,52,0,0,,10000000,,,"MAX"
,,,,0,102,0,0,,11500000,,,"MAX"
,,,,0,204,0,0,,13000000,,,"MAX"
"LavaLauncherHPModule","LavaLauncherHPAbility","HitPoints",,0,0,0,0,"Gold",0,"TID_SEASONAL_DEFENSE_LAVA_LAUNCHER_MODULE_HP",50,"MAX"
,,,,0,4,0,0,,3000000,,,"MAX"
,,,,0,6,0,0,,4000000,,,"MAX"
,,,,0,8,0,0,,5000000,,,"MAX"
,,,,0,10,0,0,,6000000,,,"MAX"
,,,,0,12,0,0,,7000000,,,"MAX"
,,,,0,24,0,0,,8000000,,,"MAX"
,,,,0,48,0,0,,9000000,,,"MAX"
,,,,0,96,0,0,,10000000,,,"MAX"
,,,,0,192,0,0,,11000000,,,"MAX"
"LavaLauncherAttackModule","LavaLauncherAttackAbility","DamagePerSecond","DamagePerSecond;DamagePerHit;ProjectileHitSpellTotalDamage",0,0,0,0,"DarkElixir",0,"TID_SEASONAL_DEFENSE_LAVA_LAUNCHER_MODULE_ATTACK",50,"MAX"
,,,,0,6,0,0,,35000,,,"MAX"
,,,,0,8,0,0,,45000,,,"MAX"
,,,,0,10,0,0,,55000,,,"MAX"
,,,,0,12,0,0,,65000,,,"MAX"
,,,,0,14,0,0,,75000,,,"MAX"
,,,,0,26,0,0,,85000,,,"MAX"
,,,,0,52,0,0,,95000,,,"MAX"
,,,,0,102,0,0,,105000,,,"MAX"
,,,,0,204,0,0,,115000,,,"MAX"
"LavaLauncherEffectModule","LavaLauncherEffectAbility","AttackRange",,0,0,0,0,"Elixir",0,"TID_SEASONAL_DEFENSE_LAVA_LAUNCHER_MODULE_EFFECT",50,"MAX"
,,,,0,8,0,0,,4000000,,,"MAX"
,,,,0,10,0,0,,5000000,,,"MAX"
,,,,0,11,0,0,,6000000,,,"MAX"
,,,,0,13,0,0,,7500000,,,"MAX"
,,,,0,15,0,0,,9000000,,,"MAX"
,,,,0,27,0,0,,10500000,,,"MAX"
,,,,0,54,0,0,,12000000,,,"MAX"
,,,,0,108,0,0,,13500000,,,"MAX"
,,,,0,216,0,0,,15000000,,,"MAX"
"InfernoCandleHPModule","InfernoCandleHPAbility","HitPoints",,0,0,0,0,"Elixir",0,"TID_SEASONAL_DEFENSE_INFERNO_CANDLE_MODULE_HP",50,11
,,,,0,6,0,0,,3500000,,,12
,,,,0,8,0,0,,4500000,,,13
,,,,0,10,0,0,,5500000,,,14
,,,,0,12,0,0,,6500000,,,15
,,,,0,18,0,0,,7500000,,,16
,,,,0,43,0,0,,8500000,,,17
,,,,0,80,0,0,,10000000,,,18
,,,,0,138,0,0,,11500000,,,18
,,,,0,228,0,0,,13000000,,,18
"InfernoCandleAttackModule","InfernoCandleAttackAbility","DamagePerSecond",,0,0,0,0,"Gold",0,"TID_SEASONAL_DEFENSE_INFERNO_CANDLE_MODULE_ATTACK",50,11
,,,,0,8,0,0,,4000000,,,12
,,,,0,10,0,0,,5000000,,,13
,,,,0,11,0,0,,6000000,,,14
,,,,0,13,0,0,,7500000,,,15
,,,,0,19,0,0,,9000000,,,16
,,,,0,46,0,0,,10500000,,,17
,,,,0,83,0,0,,12000000,,,18
,,,,0,148,0,0,,13500000,,,18
,,,,0,240,0,0,,15000000,,,18
"InfernoCandleEffectModule","InfernoCandleEffectAbility","TotalTimeAbilityActiveInBattle",,0,0,0,0,"DarkElixir",0,"TID_SEASONAL_DEFENSE_INFERNO_CANDLE_MODULE_EFFECT",50,11
,,,,0,4,0,0,,30000,,,12
,,,,0,6,0,0,,40000,,,13
,,,,0,8,0,0,,50000,,,14
,,,,0,10,0,0,,60000,,,15
,,,,0,16,0,0,,70000,,,16
,,,,0,40,0,0,,80000,,,17
,,,,0,74,0,0,,90000,,,18
,,,,0,126,0,0,,100000,,,18
,,,,0,216,0,0,,110000,,,18
"HeadhunterTowerHPModule","HeadhunterTowerHPAbility","HitPoints",,0,0,0,0,"DarkElixir",0,"TID_SEASONAL_DEFENSE_HEADHUNTER_TOWER_MODULE_HP",50,11
,,,,0,8,0,0,,40000,,,12
,,,,0,10,0,0,,50000,,,13
,,,,0,11,0,0,,60000,,,14
,,,,0,13,0,0,,70000,,,15
,,,,0,19,0,0,,80000,,,16
,,,,0,46,0,0,,90000,,,17
,,,,0,83,0,0,,100000,,,18
,,,,0,148,0,0,,110000,,,18
,,,,0,240,0,0,,120000,,,18
"HeadhunterTowerAttackModule","HeadhunterTowerAttackAbility","DamagePerSecond",,0,0,0,0,"Elixir",0,"TID_SEASONAL_DEFENSE_HEADHUNTER_TOWER_MODULE_ATTACK",50,11
,,,,0,4,0,0,,3000000,,,12
,,,,0,6,0,0,,4000000,,,13
,,,,0,8,0,0,,5000000,,,14
,,,,0,10,0,0,,6000000,,,15
,,,,0,16,0,0,,7000000,,,16
,,,,0,40,0,0,,8000000,,,17
,,,,0,74,0,0,,9000000,,,18
,,,,0,126,0,0,,10000000,,,18
,,,,0,216,0,0,,11000000,,,18
"HeadhunterTowerEffectModule","HeadhunterTowerEffectAbility","PoisonOnHitSpellLevel",,0,0,0,0,"Gold",0,"TID_SEASONAL_DEFENSE_HEADHUNTER_TOWER_MODULE_EFFECT",50,11
,,,,0,6,0,0,,3500000,,,12
,,,,0,8,0,0,,4500000,,,13
,,,,0,10,0,0,,5500000,,,14
,,,,0,12,0,0,,6500000,,,15
,,,,0,18,0,0,,7500000,,,16
,,,,0,43,0,0,,8500000,,,17
,,,,0,80,0,0,,10000000,,,18
,,,,0,138,0,0,,11500000,,,18
,,,,0,228,0,0,,13000000,,,18
"CakeThrowerHPModule","CakeThrowerHPAbility","HitPoints",,0,0,0,0,"Gold",0,"TID_SEASONAL_DEFENSE_SNOW_MORTAR_MODULE_HP",50,11
,,,,0,4,0,0,,3000000,,,12
,,,,0,6,0,0,,4000000,,,13
,,,,0,8,0,0,,5000000,,,14
,,,,0,10,0,0,,6000000,,,15
,,,,0,16,0,0,,7000000,,,16
,,,,0,40,0,0,,8000000,,,17
,,,,0,74,0,0,,9000000,,,18
,,,,0,126,0,0,,10000000,,,18
,,,,0,216,0,0,,11000000,,,18
"CakeThrowerAttackModule","CakeThrowerAttackAbility","DamagePerHit","DamagePerHit;DamagePerSecond",0,0,0,0,"DarkElixir",0,"TID_SEASONAL_DEFENSE_SNOW_MORTAR_MODULE_ATTACK",50,11
,,,,0,6,0,0,,35000,,,12
,,,,0,8,0,0,,45000,,,13
,,,,0,10,0,0,,55000,,,14
,,,,0,12,0,0,,65000,,,15
,,,,0,18,0,0,,75000,,,16
,,,,0,43,0,0,,85000,,,17
,,,,0,80,0,0,,95000,,,18
,,,,0,138,0,0,,105000,,,18
,,,,0,228,0,0,,115000,,,18
"CakeThrowerEffectModule","CakeThrowerEffectAbility","ProjectileHitSpellExplosionDamage",,0,0,0,0,"Elixir",0,"TID_SEASONAL_DEFENSE_SNOW_MORTAR_MODULE_EFFECT",50,11
,,,,0,8,0,0,,4000000,,,12
,,,,0,10,0,0,,5000000,,,13
,,,,0,11,0,0,,6000000,,,14
,,,,0,13,0,0,,7500000,,,15
,,,,0,19,0,0,,9000000,,,16
,,,,0,46,0,0,,10500000,,,17
,,,,0,83,0,0,,12000000,,,18
,,,,0,148,0,0,,13500000,,,18
,,,,0,240,0,0,,15000000,,,18
